player_name,Pos,Age,Tm,G,salary,WAR,PPG,PPM,APG,APM,RPG,RPM,OPG,DPG,SPG,BPG,TPG,FPG,eFGp,PER,TSp,OWS,DWS,WS,WSpG
Aaron Gordon,PF,23,ORL,78,21590909,4.59,15.974,0.473,3.705,0.11,7.359,0.218,1.654,5.705,0.731,0.718,2.077,2.205,0.507,15.1,0.538,1.8,3.3,5.1,0.093
Aaron Holiday,PG,22,IND,50,1914480,0.27,5.88,0.455,1.74,0.135,1.34,0.104,0.1,1.24,0.42,0.26,0.8,1.42,0.483,11.9,0.518,0.1,0.8,0.9,0.065
Abdel Nader,SF,25,OKC,61,1378242,-0.54,3.951,0.347,0.328,0.029,1.902,0.167,0.23,1.672,0.328,0.197,0.426,1.115,0.498,8.8,0.522,0,0.9,0.9,0.062
Al-Farouq Aminu,PF,28,POR,81,6957105,4.050000000000001,9.383,0.332,1.284,0.045,7.531,0.266,1.383,6.148,0.84,0.407,0.889,1.765,0.514,13.2,0.568,3,2.8,5.8,0.121
Al Horford,C,32,BOS,68,28928710,9.72,13.603,0.469,4.162,0.143,6.735,0.232,1.765,4.971,0.868,1.265,1.5,1.853,0.586,20.2,0.605,4.5,2.9,7.5,0.181
Alec Burks,SG,27,TOT,64,11536515,0.81,8.766,0.408,2,0.093,3.672,0.171,0.469,3.203,0.609,0.328,1.016,1.422,0.469,12.7,0.523,0.7,0.8,1.5,0.052
Alex Abrines,SG,25,OKC,31,3667645,-0.54,5.323,0.281,0.645,0.034,1.548,0.082,0.161,1.387,0.548,0.194,0.452,1.71,0.487,6.3,0.507,0.1,0.6,0.6,0.053
Alex Len,C,25,ATL,77,4350000,0.81,11.091,0.553,1.117,0.056,5.506,0.275,2.052,3.455,0.351,0.896,1.26,2.597,0.551,17.2,0.575,2.2,1,3.2,0.1
Alfonzo McKinnie,SF,26,GSW,72,1349383,-1.08,4.681,0.336,0.431,0.031,3.431,0.246,1.125,2.306,0.25,0.208,0.417,1.861,0.564,11.2,0.569,1.2,0.9,2.1,0.1
Allen Crabbe,SG,26,BRK,43,19332500,-0.54,9.605,0.365,1.07,0.041,3.442,0.131,0.372,3.07,0.535,0.302,1.07,2.372,0.499,7.7,0.519,-0.2,1,0.8,0.035
Allonzo Trier,SG,23,NYK,64,3382000,-1.08,10.859,0.476,1.859,0.082,3.078,0.135,0.484,2.594,0.438,0.219,1.812,1.828,0.498,12.2,0.564,0.4,0.5,0.9,0.03
Amir Johnson,C,31,PHI,51,2393887,0,3.941,0.38,1.176,0.113,2.882,0.278,0.922,1.961,0.314,0.255,0.882,1.941,0.541,13.1,0.574,0.4,0.7,1.1,0.098
Andre Drummond,C,25,DET,79,25434262,7.290000000000001,17.342,0.518,1.418,0.042,15.595,0.465,5.354,10.241,1.722,1.747,2.215,3.443,0.536,23.4,0.555,4.1,5.9,10,0.181
Andre Iguodala,SF,35,GSW,68,16000000,4.050000000000001,5.721,0.247,3.176,0.137,3.706,0.16,0.706,3,0.897,0.75,0.765,1.397,0.579,13.1,0.587,2.4,1.8,4.2,0.129
Andrew Wiggins,SF,23,MIN,73,25467250,-1.62,18.096,0.519,2.521,0.072,4.822,0.138,1.137,3.685,0.959,0.658,1.89,2.096,0.461,12.4,0.493,-0.6,1.3,0.6,0.012
Ante Zizic,C,22,CLE,59,1952760,-0.81,7.78,0.424,0.898,0.049,5.424,0.296,1.831,3.593,0.22,0.373,1.034,1.915,0.553,16.2,0.59,1.7,0.3,2,0.087
Anthony Davis,C,25,NOP,56,25434263,14.31,25.929,0.785,3.893,0.118,12,0.363,3.107,8.893,1.571,2.411,2,2.357,0.54,30.3,0.597,6.4,3.1,9.5,0.247
Anthony Tolliver,PF,33,MIN,65,5750000,-0.27,5.015,0.302,0.708,0.043,2.723,0.164,0.231,2.492,0.262,0.323,0.554,1.4,0.539,8.6,0.571,0.6,0.5,1.2,0.052
Antonio Blakeney,SG,22,CHI,57,1349383,-1.89,7.333,0.504,0.737,0.051,1.86,0.128,0.123,1.737,0.211,0.158,0.614,0.719,0.465,10.6,0.487,-0.8,0.3,-0.5,-0.03
Aron Baynes,C,32,BOS,51,5193600,0.27,5.569,0.346,1.118,0.069,4.706,0.292,1.725,2.98,0.235,0.667,0.784,2.451,0.518,14,0.567,1.3,1.1,2.4,0.139
Austin Rivers,SG,26,TOT,76,13155324,-2.9700000000000006,8.132,0.305,2.197,0.082,2.132,0.08,0.329,1.803,0.618,0.303,0.895,2.724,0.497,7.7,0.503,0.4,0.8,1.2,0.028
Avery Bradley,SG,28,TOT,63,12000000,-2.16,9.921,0.328,2.413,0.08,2.778,0.092,0.683,2.095,0.651,0.254,1.413,2.651,0.479,7.6,0.496,-0.6,1,0.3,0.009
Bam Adebayo,C,21,MIA,82,2955840,4.86,8.89,0.381,2.244,0.096,7.28,0.312,2.012,5.268,0.866,0.793,1.476,2.476,0.579,17.9,0.623,3.4,3.4,6.8,0.171
Ben Simmons,PG,22,PHI,79,6434520,10.26,16.924,0.495,7.722,0.226,8.823,0.258,2.177,6.646,1.418,0.772,3.468,2.646,0.563,20,0.582,4.6,3.6,8.2,0.146
Bismack Biyombo,C,26,CHO,54,17000000,-0.27,4.37,0.301,0.611,0.042,4.574,0.315,1.5,3.074,0.204,0.759,0.63,1.907,0.571,14.4,0.602,1.2,0.8,2,0.125
Blake Griffin,PF,29,DET,75,31873932,12.690000000000001,24.547,0.702,5.36,0.153,7.533,0.215,1.333,6.2,0.693,0.373,3.373,2.653,0.532,21,0.581,5.1,2.9,8,0.147
Boban Marjanovic,C,30,TOT,58,9490740,2.43,7.276,0.62,0.931,0.079,4.569,0.389,1.5,3.069,0.276,0.466,1.017,1.552,0.623,24.2,0.664,2.1,0.9,3,0.212
Bobby Portis,PF,23,TOT,50,2494346,-0.27,14.2,0.547,1.44,0.055,8.06,0.31,2.18,5.88,0.7,0.4,1.48,2.9,0.504,16.1,0.529,0.5,1.1,1.6,0.06
Bogdan Bogdanovic,SG,26,SAC,70,9000000,1.89,14.143,0.508,3.814,0.137,3.471,0.125,0.571,2.9,1.029,0.214,1.671,2.029,0.496,14.1,0.53,1.3,1.4,2.7,0.067
Bojan Bogdanovic,SF,29,IND,81,10500000,4.59,17.951,0.565,1.988,0.063,4.111,0.129,0.407,3.704,0.852,0.012,1.654,1.704,0.575,16.1,0.613,3.9,2.8,6.8,0.126
Brad Wanamaker,PG,29,BOS,36,838464,0.27,3.889,0.408,1.556,0.163,1.139,0.12,0.083,1.056,0.333,0.056,0.528,0.944,0.552,14.3,0.597,0.6,0.4,1,0.134
Bradley Beal,SG,25,WAS,82,25434262,9.990000000000002,25.598,0.693,5.463,0.148,5.012,0.136,1.085,3.927,1.476,0.707,2.732,2.756,0.54,20.8,0.581,5.9,1.7,7.6,0.12
Brandon Ingram,SF,21,LAL,52,5757120,0,18.269,0.54,2.962,0.088,5.135,0.152,0.788,4.346,0.538,0.596,2.481,2.865,0.518,13.4,0.555,0.6,1.4,2,0.055
Brandon Knight,PG,27,TOT,39,14631250,-1.62,6.821,0.361,1.821,0.096,1.513,0.08,0.256,1.256,0.538,0.051,0.769,1.59,0.46,8.9,0.484,-0.1,0,0,-0.002
Brook Lopez,C,30,MIL,81,3382000,6.48,12.457,0.435,1.21,0.042,4.889,0.171,0.407,4.481,0.63,2.21,1.012,2.333,0.571,14.6,0.597,2.3,4.3,6.7,0.138
Bruce Brown,SG,22,DET,74,838464,-1.35,4.311,0.22,1.23,0.063,2.5,0.128,0.649,1.851,0.541,0.486,0.622,2.405,0.436,6.9,0.469,-0.1,1.6,1.5,0.048
Bruno Caboclo,SF,23,MEM,34,705361,0.54,8.294,0.352,1.471,0.062,4.647,0.198,1.235,3.412,0.412,0.971,1.118,2.382,0.533,12.4,0.571,0.6,0.9,1.5,0.09
Bryn Forbes,SG,25,SAS,82,3125000,1.35,11.793,0.422,2.134,0.076,2.915,0.104,0.22,2.695,0.549,0.049,0.976,1.939,0.568,12,0.586,2.5,1.3,3.8,0.079
Buddy Hield,SG,26,SAC,82,3833760,7.290000000000001,20.671,0.648,2.5,0.078,5.024,0.158,1.293,3.732,0.707,0.402,1.78,2.463,0.56,17.5,0.587,4.3,1.6,5.9,0.108
Cameron Payne,PG,24,TOT,40,3440356,-0.54,6.25,0.351,2.65,0.149,1.8,0.101,0.325,1.475,0.7,0.225,1.125,1.6,0.487,11.5,0.519,0.1,0.3,0.5,0.031
Caris LeVert,SF,24,BRK,40,1702800,1.62,13.675,0.515,3.9,0.147,3.775,0.142,0.875,2.9,1.05,0.35,1.725,1.925,0.478,14.9,0.509,0.5,1.2,1.7,0.077
Cedi Osman,SF,23,CLE,76,2775000,-2.16,13.039,0.405,2.566,0.08,4.697,0.146,0.592,4.105,0.789,0.145,1.5,2.566,0.504,11.5,0.536,1.2,0.2,1.5,0.029
Chandler Hutchison,SF,22,CHI,44,1991520,-1.08,5.205,0.256,0.773,0.038,4.205,0.207,0.705,3.5,0.523,0.136,0.568,1.341,0.493,8.8,0.507,0,0.6,0.6,0.03
Channing Frye,C,35,CLE,36,2393887,-0.27,3.583,0.378,0.556,0.059,1.444,0.152,0.111,1.333,0.167,0.139,0.361,1.222,0.504,8.9,0.524,0.1,0,0.1,0.016
Chasson Randle,PG,25,WAS,49,975824,-1.08,5.531,0.365,1.98,0.131,1.143,0.075,0.204,0.939,0.51,0.061,0.878,1.857,0.525,9.9,0.555,0.4,0.2,0.6,0.041
Cheick Diallo,PF,22,NOP,64,1544951,0.54,6.047,0.432,0.516,0.037,5.188,0.371,1.172,4.016,0.453,0.516,0.766,1.766,0.622,17.5,0.644,1.4,1.2,2.6,0.14
Chimezie Metu,PF,21,SAS,29,838464,-0.54,1.759,0.352,0.448,0.09,1.241,0.248,0.31,0.931,0.207,0.069,0.517,0.483,0.328,6.4,0.389,-0.5,0.2,-0.3,-0.099
Chris Paul,PG,33,HOU,58,35654150,7.56,15.621,0.488,8.155,0.255,4.569,0.143,0.621,3.948,1.966,0.31,2.621,2.517,0.508,19.7,0.56,4.4,2.2,6.6,0.172
CJ McCollum,SG,27,POR,70,25759766,4.86,20.971,0.618,2.957,0.087,4.029,0.119,0.886,3.143,0.786,0.4,1.514,2.457,0.527,17,0.553,4,1.7,5.6,0.114
CJ Miles,SF,31,TOT,53,8333333,-0.54,6.396,0.396,0.679,0.042,1.792,0.111,0.245,1.547,0.491,0.283,0.566,1.491,0.468,9,0.504,-0.2,0.9,0.7,0.041
Clint Capela,C,24,HOU,67,15793104,7.56,16.627,0.495,1.433,0.043,12.657,0.377,4.448,8.209,0.657,1.522,1.403,2.507,0.648,23.8,0.658,7.8,3,10.8,0.23
Cody Zeller,C,26,CHO,49,13528090,1.89,10.143,0.4,2.082,0.082,6.796,0.268,2.245,4.551,0.776,0.837,1.265,3.347,0.559,17.2,0.611,2.6,1.2,3.9,0.15
Collin Sexton,PG,20,CLE,82,4073760,-4.86,16.72,0.526,2.963,0.093,2.878,0.091,0.695,2.183,0.537,0.073,2.256,2.268,0.48,12,0.52,-0.1,-0.5,-0.6,-0.011
Corey Brewer,SF,32,TOT,31,2559925,0.27,4.871,0.307,1.258,0.079,2.452,0.154,0.839,1.613,1.032,0.226,0.613,2.032,0.488,11.6,0.532,0.4,0.6,1,0.095
Cory Joseph,PG,27,IND,82,7945000,2.43,6.549,0.26,3.915,0.156,3.402,0.135,0.476,2.927,1.146,0.268,0.976,1.598,0.463,11,0.474,0.5,2.9,3.5,0.081
Courtney Lee,SG,33,TOT,34,12253780,-0.27,4,0.318,1.088,0.086,1.588,0.126,0.265,1.324,0.618,0.088,0.412,0.941,0.473,10.3,0.492,0.1,0.4,0.4,0.05
Cristiano Felicio,C,26,CHI,60,8470980,-1.08,4,0.322,0.617,0.05,3.633,0.292,1.317,2.317,0.183,0.117,0.55,1.15,0.531,13.4,0.568,0.9,0.4,1.4,0.088
D'Angelo Russell,PG,22,BRK,81,7019698,9.18,21.136,0.699,6.951,0.23,3.889,0.129,0.654,3.235,1.235,0.247,3.123,1.741,0.512,19.4,0.533,2.4,2.6,5,0.097
Damian Lillard,PG,28,POR,80,27977689,16.200000000000003,25.837,0.728,6.888,0.194,4.638,0.131,0.85,3.788,1.1,0.425,2.65,1.85,0.522,23.7,0.588,9.7,2.4,12.1,0.205
Damion Lee,SG,26,GSW,32,77250,0,4.938,0.421,0.406,0.035,2,0.171,0.25,1.75,0.406,0,0.344,0.875,0.547,11.9,0.578,0.3,0.4,0.7,0.09
Damyean Dotson,SG,24,NYK,73,1378242,-0.81,10.671,0.389,1.849,0.067,3.589,0.131,0.466,3.123,0.795,0.137,0.973,1.849,0.506,10.8,0.526,0.7,0.9,1.5,0.037
Daniel Theis,C,26,BOS,66,1378242,1.35,5.667,0.412,1.03,0.075,3.409,0.248,1.318,2.091,0.318,0.636,0.5,2.439,0.598,17,0.624,2.3,1.3,3.5,0.188
Danilo Gallinari,SF,30,LAC,68,21587579,8.91,19.794,0.654,2.618,0.086,6.132,0.203,0.794,5.338,0.721,0.338,1.456,1.897,0.554,21,0.633,6.4,1.8,8.2,0.191
Danny Green,SG,31,TOR,80,10000000,5.940000000000001,10.262,0.37,1.575,0.057,3.962,0.143,0.75,3.212,0.912,0.662,0.938,2.138,0.622,13,0.632,3,2.9,5.9,0.128
Dante Cunningham,PF,31,SAS,64,2487000,0.81,3.031,0.209,0.781,0.054,2.938,0.203,0.75,2.188,0.422,0.203,0.344,1.109,0.57,10.2,0.585,1,0.9,1.9,0.097
Dante Exum,PG,23,UTA,42,10600000,0,6.857,0.434,2.619,0.166,1.619,0.102,0.381,1.238,0.333,0.119,1.238,1.643,0.456,11.2,0.516,0.2,0.7,1,0.069
Danuel House,SF,25,HOU,39,247827,1.08,9.385,0.374,1.026,0.041,3.59,0.143,0.641,2.949,0.538,0.282,0.897,2.051,0.615,12.2,0.646,1.6,0.7,2.3,0.113
Dario Saric,PF,24,TOT,81,2526840,0.54,10.593,0.424,1.568,0.063,5.642,0.226,1.556,4.086,0.556,0.111,1.198,2.247,0.522,13.1,0.563,2.3,1.2,3.5,0.084
Darius Miller,SF,28,NOP,69,2205000,-1.08,8.217,0.323,2.116,0.083,1.855,0.073,0.203,1.652,0.58,0.333,0.855,2.391,0.528,8.4,0.55,1.1,0.6,1.6,0.045
Darren Collison,PG,31,IND,76,10000000,5.670000000000001,11.224,0.398,6.039,0.214,3.053,0.108,0.474,2.579,1.447,0.118,1.645,1.816,0.527,16.7,0.574,3.9,2.9,6.8,0.153
David Nwaba,SG,26,CLE,51,1512601,0,6.549,0.339,1.059,0.055,3.196,0.166,0.804,2.392,0.706,0.333,0.569,2.078,0.527,12.5,0.558,1.1,0.3,1.4,0.069
Davis Bertans,PF,26,SAS,76,7000000,3.78,7.974,0.371,1.316,0.061,3.474,0.162,0.303,3.171,0.461,0.434,0.566,1.75,0.61,13,0.632,2.6,1.5,4,0.118
De'Aaron Fox,PG,21,SAC,81,5470920,6.21,17.272,0.549,7.284,0.232,3.753,0.119,0.531,3.222,1.642,0.556,2.802,2.519,0.497,18.1,0.544,3.2,2.5,5.6,0.106
De'Anthony Melton,PG,20,PHO,50,949000,-0.54,5,0.254,3.18,0.162,2.68,0.136,0.5,2.18,1.36,0.46,1.5,2.26,0.447,9.9,0.466,-0.8,0.8,0,0.002
Deandre Ayton,C,20,PHO,71,8175840,3.24,16.324,0.531,1.761,0.057,10.268,0.334,3.141,7.127,0.859,0.944,1.775,2.944,0.585,20.5,0.608,4.1,1.7,5.8,0.128
DeAndre Jordan,C,30,TOT,69,22897200,5.670000000000001,10.986,0.37,2.261,0.076,13.072,0.441,3.261,9.812,0.609,1.058,2.217,2.42,0.641,19,0.674,4,3.1,7.1,0.167
Delon Wright,PG,26,TOT,75,2536898,4.050000000000001,8.707,0.384,3.307,0.146,3.547,0.157,0.907,2.64,1.173,0.4,1.027,1.373,0.478,15.5,0.523,1.9,2.4,4.3,0.121
DeMar DeRozan,SG,29,SAS,77,27739975,5.940000000000001,21.234,0.608,6.169,0.177,6,0.172,0.701,5.299,1.117,0.468,2.584,2.299,0.483,19.6,0.542,3.6,2.6,6.3,0.112
DeMarcus Cousins,C,28,GSW,30,5337000,2.7,16.267,0.633,3.567,0.139,8.233,0.32,1.433,6.8,1.333,1.467,2.4,3.633,0.515,21.4,0.562,0.9,1.5,2.4,0.151
DeMarre Carroll,PF,32,BRK,67,15400000,0.54,11.104,0.437,1.269,0.05,5.209,0.205,1.015,4.194,0.463,0.149,1.09,1.701,0.487,12.1,0.546,1.5,1.6,3.1,0.088
Deonte Burton,SG,25,OKC,32,500000,-0.27,2.562,0.342,0.281,0.038,0.875,0.117,0.125,0.75,0.188,0.25,0.281,0.969,0.451,7,0.47,-0.2,0.3,0.1,0.027
Derrick Favors,C,27,UTA,76,16900000,6.48,11.803,0.508,1.171,0.05,7.368,0.317,2.724,4.645,0.737,1.395,1.105,2.145,0.6,21.8,0.624,4.4,3.5,7.9,0.215
Derrick Rose,PG,30,MIN,51,2176260,3.24,17.98,0.659,4.314,0.158,2.745,0.101,0.647,2.098,0.608,0.235,1.608,1.118,0.518,19.5,0.557,2.6,0.3,3,0.102
Derrick White,PG,24,SAS,67,1667160,3.5100000000000002,9.896,0.384,3.925,0.152,3.687,0.143,0.522,3.164,1,0.701,1.448,2.164,0.523,14.8,0.555,1.7,1.9,3.6,0.101
Devin Booker,SG,22,PHO,64,3314365,4.59,26.562,0.758,6.766,0.193,4.141,0.118,0.609,3.531,0.875,0.203,4.125,3.125,0.521,20.2,0.584,3.3,0.3,3.5,0.076
Devin Harris,PG,35,DAL,68,2393887,-0.27,6.294,0.4,1.794,0.114,1.647,0.105,0.176,1.471,0.515,0.235,0.824,1.956,0.47,10.7,0.527,0.6,0.9,1.5,0.068
Dewayne Dedmon,C,29,ATL,64,6300000,2.7,10.828,0.431,1.406,0.056,7.5,0.298,1.641,5.859,1.078,1.109,1.312,3.344,0.571,16,0.602,2.1,1.9,4,0.119
Dion Waiters,SG,27,MIA,44,12705000,0.81,11.977,0.463,2.75,0.106,2.636,0.102,0.159,2.477,0.659,0.205,1.455,1.636,0.528,11.4,0.53,0.1,1.1,1.2,0.052
Dirk Nowitzki,PF,40,DAL,51,5000000,-1.08,7.314,0.469,0.686,0.044,3.098,0.199,0.098,3,0.176,0.353,0.353,1.49,0.444,9.6,0.469,-0.5,0.8,0.3,0.016
DJ Augustin,PG,31,ORL,81,7250000,3.78,11.704,0.418,5.259,0.188,2.506,0.089,0.506,2,0.642,0.049,1.58,1.42,0.566,15.7,0.616,5,1.9,6.9,0.146
DJ Wilson,PF,22,MIL,48,2534280,0,5.833,0.317,1.083,0.059,4.625,0.252,0.938,3.688,0.375,0.417,0.667,1.771,0.506,10.3,0.515,0.3,1.4,1.7,0.093
Domantas Sabonis,C,22,IND,74,2659800,6.48,14.095,0.567,2.865,0.115,9.324,0.375,2.514,6.811,0.649,0.405,2.162,3.23,0.596,21.9,0.63,4.3,3.3,7.6,0.197
Donovan Mitchell,SG,22,UTA,77,3111480,5.940000000000001,23.753,0.704,4.182,0.124,4.104,0.122,0.766,3.338,1.377,0.403,2.831,2.701,0.493,17.2,0.537,1.3,3.7,5,0.092
Dorian Finney-Smith,SF,25,DAL,81,1544951,0.81,7.506,0.306,1.173,0.048,4.802,0.196,1.704,3.099,0.852,0.444,0.914,2.296,0.507,11,0.53,1.2,2,3.3,0.079
Doug McDermott,SF,27,IND,77,7333334,0.54,7.325,0.421,0.87,0.05,1.416,0.081,0.221,1.195,0.234,0.104,0.545,1.351,0.59,11.6,0.617,1.8,1.1,2.9,0.103
Dragan Bender,PF,21,PHO,46,4661280,-1.35,5,0.278,1.217,0.068,3.978,0.222,0.739,3.239,0.391,0.478,0.804,1.957,0.503,9.5,0.521,0,0.4,0.5,0.027
Draymond Green,PF,28,GSW,66,17469565,4.86,7.364,0.235,6.879,0.22,7.288,0.233,0.909,6.379,1.439,1.061,2.561,2.985,0.501,12.9,0.526,1.1,3.2,4.3,0.1
Dwayne Bacon,SG,23,CHO,43,1378242,-0.81,7.349,0.416,1.093,0.062,2.07,0.117,0.186,1.884,0.279,0.116,0.419,1.674,0.549,11.7,0.57,0.9,0.3,1.2,0.073
Dwight Powell,C,27,DAL,77,9631250,5.670000000000001,10.584,0.49,1.455,0.067,5.338,0.247,1.818,3.519,0.571,0.649,0.87,2.61,0.637,20.4,0.682,5.6,1.9,7.5,0.215
Dwyane Wade,SG,37,MIA,72,2393887,3.24,15.042,0.575,4.181,0.16,3.958,0.151,0.958,3,0.819,0.528,2.306,1.639,0.478,15.8,0.51,0.1,2.3,2.4,0.061
E'Twaun Moore,SG,29,NOP,53,8808685,-0.27,11.943,0.433,1.925,0.07,2.396,0.087,0.66,1.736,0.755,0.151,1.113,2.113,0.553,11.5,0.567,1.2,0.5,1.7,0.055
Ed Davis,C,29,BRK,81,4449000,1.89,5.827,0.326,0.753,0.042,8.568,0.48,2.667,5.901,0.432,0.407,0.79,2.79,0.616,17.3,0.632,3.3,2.5,5.7,0.191
Ekpe Udoh,C,31,UTA,51,3360000,1.35,2.333,0.372,0.549,0.088,1.765,0.281,0.529,1.235,0.196,0.608,0.255,0.706,0.694,20.9,0.698,0.9,0.7,1.6,0.238
Elfrid Payton,PG,24,NOP,42,3000000,0.54,10.619,0.357,7.619,0.256,5.238,0.176,1.167,4.071,1.048,0.405,2.667,1.929,0.475,14,0.502,0.6,0.9,1.5,0.058
Elie Okobo,PG,21,PHO,53,1238464,-2.43,5.736,0.317,2.396,0.133,1.849,0.102,0.226,1.623,0.604,0.132,1.302,2.057,0.46,7.6,0.489,-0.7,0.2,-0.5,-0.027
Emmanuel Mudiay,PG,22,NYK,59,4294479,0,14.797,0.543,3.864,0.142,3.322,0.122,0.559,2.763,0.729,0.322,2.373,1.746,0.493,14.6,0.531,0.1,0.7,0.8,0.023
Enes Kanter,C,26,TOT,67,19264603,3.24,13.657,0.558,1.731,0.071,9.836,0.402,3.836,6,0.478,0.388,1.761,2.493,0.556,22.3,0.594,3.9,1.6,5.4,0.159
Eric Bledsoe,PG,29,MIL,78,15000000,7.83,15.91,0.546,5.513,0.189,4.641,0.159,1.051,3.59,1.487,0.372,2.115,2,0.548,19.3,0.577,4.4,3.7,8.2,0.173
Eric Gordon,SG,30,HOU,68,13500375,1.08,16.221,0.511,1.897,0.06,2.176,0.069,0.25,1.926,0.603,0.397,1.324,2.103,0.525,12.2,0.549,1.7,1,2.6,0.059
Ersan Ilyasova,PF,31,MIL,67,7000000,-0.27,6.761,0.368,0.776,0.042,4.507,0.245,1.403,3.104,0.478,0.299,0.716,2.567,0.514,11.6,0.548,1.2,1.9,3,0.119
Evan Fournier,SG,26,ORL,81,17000000,-0.81,15.136,0.48,3.642,0.116,3.185,0.101,0.469,2.716,0.877,0.148,1.901,2.778,0.509,12.3,0.536,0.8,2.5,3.2,0.061
Evan Turner,PG,30,POR,73,17868853,0.81,6.767,0.308,3.877,0.176,4.493,0.204,0.507,3.986,0.452,0.247,1.562,1.507,0.473,11.6,0.504,0.5,1.5,2,0.06
Frank Jackson,PG,20,NOP,61,1378242,-2.16,8.115,0.423,1.131,0.059,2.197,0.115,0.41,1.787,0.41,0.033,0.787,1.508,0.493,9.4,0.517,0.1,0.4,0.4,0.018
Frank Kaminsky,C,25,CHO,47,3627842,1.08,8.617,0.536,1.34,0.083,3.468,0.216,0.83,2.638,0.255,0.255,0.872,1.447,0.547,16.8,0.587,1.3,0.5,1.8,0.114
Frank Ntilikina,PG,20,NYK,43,4155720,-2.43,5.721,0.272,2.814,0.134,2.023,0.096,0.279,1.744,0.698,0.326,1.302,2.419,0.395,6,0.417,-1.3,0.4,-0.8,-0.045
Fred VanVleet,PG,24,TOR,64,8653847,2.9700000000000006,10.953,0.398,4.797,0.174,2.609,0.095,0.328,2.281,0.891,0.312,1.281,1.719,0.503,13.7,0.539,2.4,1.9,4.3,0.117
Furkan Korkmaz,SG,21,PHI,48,1740000,0,5.812,0.411,1.083,0.077,2.229,0.158,0.333,1.896,0.604,0.042,0.521,1.292,0.496,11.5,0.528,0.4,0.7,1.1,0.079
Garrett Temple,SG,32,TOT,75,8000000,-1.08,7.813,0.287,1.413,0.052,2.88,0.106,0.373,2.507,1.013,0.4,0.933,2.72,0.513,8.5,0.543,0.3,2,2.2,0.052
Gary Clark,PF,24,HOU,51,674122,0.54,2.902,0.231,0.353,0.028,2.275,0.181,0.471,1.804,0.392,0.51,0.137,0.922,0.467,9.2,0.48,0.3,0.7,1,0.071
Gary Harris,SG,24,DEN,57,16517857,0.54,12.93,0.45,2.228,0.077,2.807,0.098,0.719,2.088,0.965,0.333,1.193,1.982,0.488,12.2,0.526,1.1,1.5,2.6,0.076
George Hill,PG,32,TOT,60,19000000,0.54,7.633,0.352,2.25,0.104,2.467,0.114,0.65,1.817,0.867,0.133,0.85,1.7,0.516,12.1,0.554,1.5,1.3,2.8,0.103
Georges Niang,PF,25,UTA,59,1512601,0.81,3.983,0.455,0.593,0.068,1.475,0.169,0.186,1.288,0.169,0.102,0.39,0.966,0.594,13,0.613,0.7,0.7,1.3,0.123
Gerald Green,SG,33,HOU,73,1512601,0.27,9.247,0.458,0.548,0.027,2.493,0.124,0.411,2.082,0.452,0.37,0.753,1.726,0.535,11.4,0.555,0.9,1,1.9,0.061
Giannis Antetokounmpo,PF,24,MIL,72,24157304,19.980000000000004,27.694,0.846,5.889,0.18,12.472,0.381,2.208,10.264,1.278,1.528,3.722,3.222,0.599,30.9,0.644,8.9,5.5,14.4,0.292
Goran Dragic,PG,32,MIA,36,18109175,0.54,13.722,0.498,4.833,0.176,3.083,0.112,0.556,2.528,0.833,0.139,1.972,2.25,0.479,13.9,0.517,0.6,1,1.6,0.079
Gordon Hayward,PF,28,BOS,72,31214295,3.5100000000000002,11.458,0.443,3.389,0.131,4.472,0.173,0.708,3.764,0.861,0.319,1.458,1.444,0.527,15.6,0.575,2.6,2.3,4.9,0.126
Gorgui Dieng,C,29,MIN,76,15170787,1.89,6.382,0.47,0.947,0.07,4.092,0.302,1.066,3.026,0.632,0.539,0.75,1.763,0.527,18.1,0.572,1.5,1.3,2.8,0.132
Grayson Allen,SG,23,UTA,38,2076960,-1.35,5.553,0.507,0.658,0.06,0.605,0.055,0.079,0.526,0.158,0.158,0.868,1.237,0.466,7.5,0.516,-0.4,0.4,0,0.002
Greg Monroe,C,28,TOT,43,2410167,-0.27,5.349,0.479,0.558,0.05,4,0.358,1.558,2.442,0.326,0.186,0.744,1.535,0.489,16,0.521,0.4,0.7,1.1,0.108
Guerschon Yabusele,PF,23,BOS,41,2667600,0,2.293,0.375,0.366,0.06,1.293,0.211,0.561,0.732,0.195,0.171,0.366,0.78,0.513,12.4,0.542,0.2,0.3,0.5,0.09
Hamidou Diallo,SG,20,OKC,51,838464,-0.81,3.725,0.361,0.333,0.032,1.902,0.184,0.745,1.157,0.412,0.196,0.451,1.51,0.467,10.1,0.497,0.1,0.7,0.8,0.069
Harrison Barnes,PF-SF,26,TOT,77,24107258,1.08,16.429,0.499,1.494,0.045,4.688,0.143,0.74,3.948,0.649,0.169,1.273,1.584,0.504,12.8,0.55,2,1.6,3.6,0.068
Harry Giles,PF,20,SAC,58,2207040,-0.54,7.034,0.498,1.466,0.104,3.828,0.271,1.138,2.69,0.534,0.379,1.259,2.586,0.503,14.4,0.526,0,1,1,0.056
Hassan Whiteside,C,29,MIA,72,24434262,4.86,12.319,0.53,0.778,0.033,11.347,0.488,3.569,7.778,0.639,1.889,1.347,2.667,0.572,23.5,0.564,2.3,4,6.3,0.18
Ian Clark,SG,27,NOP,60,1757429,-2.16,6.683,0.412,1.567,0.097,1.483,0.091,0.217,1.267,0.367,0.133,0.967,1.583,0.48,8.3,0.502,-0.4,0.3,-0.1,-0.003
Ian Mahinmi,C,32,WAS,34,16000000,-0.27,4.088,0.279,0.735,0.05,3.765,0.257,1.412,2.353,0.735,0.471,0.618,2.471,0.466,12,0.531,0.5,0.5,1,0.092
Iman Shumpert,SG,28,TOT,62,11011234,0,7.5,0.314,1.806,0.076,2.952,0.124,0.435,2.516,0.952,0.387,0.806,2.048,0.481,9.1,0.499,0.1,1.2,1.4,0.045
Isaiah Briscoe,PG,22,ORL,39,838464,-1.08,3.487,0.243,2.231,0.156,1.897,0.132,0.128,1.769,0.282,0.051,0.795,1.692,0.438,6.7,0.455,-0.3,0.5,0.3,0.023
Isaiah Canaan,PG,27,TOT,30,744671,-0.81,6.033,0.288,2.8,0.134,1.933,0.092,0.2,1.733,0.467,0.067,1.167,1.733,0.494,8,0.518,0,0.1,0.1,0.008
Ivan Rabb,PF,21,MEM,49,1378242,0.27,5.796,0.394,1.102,0.075,4.204,0.286,1.429,2.776,0.347,0.286,0.714,1.837,0.554,16.1,0.586,1.2,0.9,2.1,0.137
Ivica Zubac,C,21,TOT,59,1544951,1.08,8.898,0.505,1.068,0.061,6.136,0.348,1.949,4.186,0.237,0.864,1.186,2.322,0.559,18.9,0.604,1.9,1.3,3.2,0.148
Jabari Parker,PF,23,TOT,64,20000000,0.54,14.531,0.539,2.375,0.088,6.578,0.244,1.234,5.344,0.719,0.469,2.359,2.266,0.533,15.5,0.56,0.1,1.3,1.4,0.039
Jacob Evans,SG,21,GSW,30,1646400,-0.81,1.333,0.196,0.767,0.113,0.833,0.123,0.2,0.633,0.167,0.1,0.367,0.933,0.377,3.5,0.374,-0.3,0.2,-0.1,-0.03
Jae Crowder,SF,28,UTA,80,7305825,3.24,11.887,0.439,1.663,0.061,4.8,0.177,0.75,4.05,0.8,0.388,1.062,2.125,0.508,12.1,0.538,1.3,3.1,4.4,0.097
Jahlil Okafor,C,23,NOP,59,1567007,0.27,8.203,0.518,0.678,0.043,4.712,0.297,1.39,3.322,0.254,0.678,0.881,1.627,0.587,17.9,0.603,1.4,0.8,2.2,0.115
Jake Layman,SF,24,POR,71,1544951,1.35,7.62,0.408,0.746,0.04,3.056,0.164,0.789,2.268,0.437,0.423,0.648,1.634,0.579,13.5,0.594,1.9,1.2,3.1,0.111
Jalen Brunson,PG,22,DAL,73,1230000,0.27,9.288,0.426,3.151,0.145,2.315,0.106,0.342,1.973,0.507,0.055,1.205,1.74,0.523,12.8,0.549,1.5,1,2.6,0.077
Jamal Crawford,SG,38,PHO,64,4698113,-1.62,7.938,0.419,3.578,0.189,1.328,0.07,0.125,1.203,0.516,0.188,1.547,1.172,0.474,11.7,0.522,0.1,0,0.2,0.006
Jamal Murray,PG,21,DEN,75,3499800,4.32,18.227,0.559,4.84,0.148,4.227,0.13,0.867,3.36,0.893,0.36,2.107,2.04,0.502,16,0.538,2.8,2.3,5.1,0.1
James Ennis,SF,28,TOT,58,1621415,0.27,6.707,0.316,0.707,0.033,3.138,0.148,1.034,2.103,0.707,0.397,0.586,2.586,0.563,11,0.59,1.6,1,2.6,0.103
James Harden,PG,29,HOU,78,30570000,25.110000000000003,36.128,0.983,7.513,0.204,6.641,0.181,0.846,5.795,2.026,0.744,4.962,3.128,0.541,30.6,0.616,11.4,3.8,15.2,0.254
James Johnson,PF,31,MIA,55,14420700,0.54,7.782,0.368,2.455,0.116,3.2,0.151,0.4,2.8,0.636,0.491,1.345,2.073,0.499,10.9,0.522,0,1.5,1.5,0.062
JaMychal Green,PF,28,TOT,65,8066667,0.27,9.4,0.446,0.769,0.036,6.292,0.298,1.6,4.692,0.692,0.523,1.338,2.969,0.558,14.7,0.587,0.9,1.9,2.9,0.101
Jared Dudley,PF,33,BRK,59,9530000,0.27,4.864,0.235,1.407,0.068,2.627,0.127,0.576,2.051,0.61,0.271,0.729,2.22,0.533,7.8,0.554,0.6,1.2,1.8,0.07
Jarell Martin,PF,24,ORL,42,2416221,-0.54,2.738,0.351,0.429,0.055,1.738,0.223,0.262,1.476,0.071,0.19,0.262,1.214,0.51,9.4,0.528,0.1,0.4,0.5,0.073
Jarrett Allen,C,20,BRK,80,2034120,5.13,10.912,0.417,1.375,0.052,8.4,0.321,2.388,6.013,0.538,1.5,1.288,2.3,0.595,18.5,0.632,4.4,3.3,7.6,0.175
JaVale McGee,C,31,LAL,75,2393887,3.78,11.96,0.537,0.693,0.031,7.547,0.339,2.6,4.947,0.627,1.973,1.44,2.773,0.625,21.8,0.634,3,2.9,5.9,0.171
Jaylen Adams,PG,22,ATL,34,236854,-0.54,3.176,0.252,1.912,0.152,1.765,0.14,0.324,1.441,0.412,0.147,0.824,1.324,0.459,7.6,0.474,-0.1,0.2,0.1,0.011
Jaylen Brown,SG,22,BOS,74,5169960,0,13.027,0.504,1.351,0.052,4.23,0.164,0.878,3.351,0.932,0.432,1.338,2.514,0.525,13.5,0.547,0.7,2.4,3,0.076
Jayson Tatum,SF,20,BOS,79,6700800,2.9700000000000006,15.734,0.506,2.127,0.068,6.038,0.194,0.886,5.152,1.063,0.722,1.544,2.127,0.506,15.1,0.547,1.6,3.4,5,0.097
Jeff Green,PF,32,WAS,77,2393887,0.81,12.286,0.451,1.779,0.065,4.013,0.147,0.74,3.273,0.558,0.506,1.312,2.078,0.555,13.6,0.608,2.8,0.8,3.6,0.083
Jeff Teague,PG,30,MIN,42,19000000,1.35,12.143,0.403,8.167,0.271,2.524,0.084,0.381,2.143,1.024,0.429,2.31,2.143,0.465,15.4,0.528,1.7,0.5,2.2,0.085
Jerami Grant,PF,24,OKC,80,8333333,4.050000000000001,13.625,0.417,0.988,0.03,5.213,0.16,1.2,4.013,0.762,1.25,0.838,2.675,0.567,13.8,0.592,4,3.3,7.3,0.134
Jeremy Lamb,SG,26,CHO,79,7000000,4.86,15.291,0.537,2.177,0.076,5.494,0.193,0.823,4.671,1.114,0.405,1.013,1.772,0.499,17.3,0.552,3.3,2,5.3,0.113
Jeremy Lin,PG,30,TOT,74,12516746,-0.27,9.554,0.492,3.122,0.161,2.419,0.125,0.297,2.122,0.635,0.176,1.676,1.946,0.491,13.5,0.558,1.2,0.9,2.1,0.07
Jerian Grant,PG,26,ORL,60,2639313,0.27,4.167,0.266,2.6,0.166,1.633,0.104,0.317,1.317,0.733,0.1,0.85,1.3,0.509,10.8,0.526,0.5,1.1,1.7,0.085
Jerome Robinson,SG,21,LAC,33,3050160,-0.54,3.394,0.35,0.576,0.059,1.242,0.128,0.091,1.152,0.333,0.091,0.394,1.394,0.482,7.2,0.491,-0.2,0.3,0.1,0.012
Jerryd Bayless,PG,30,MIN,34,8575916,-1.08,6.147,0.318,3.5,0.181,1.824,0.094,0.324,1.5,0.529,0.059,0.941,1.647,0.42,8.5,0.431,-0.2,0.2,0,-0.003
Jevon Carter,PG,23,MEM,39,838464,-0.81,4.41,0.298,1.769,0.12,1.692,0.114,0.359,1.333,0.667,0.282,0.846,1.41,0.395,7.8,0.432,-0.7,0.7,0,-0.003
Jimmy Butler,SF-SG,29,TOT,65,19841627,8.64,18.692,0.556,4.046,0.12,5.262,0.157,1.862,3.4,1.892,0.6,1.462,1.708,0.499,20.2,0.571,5.4,2.5,7.9,0.173
JJ Redick,SG,34,PHI,76,12250000,3.5100000000000002,18.053,0.577,2.711,0.087,2.447,0.078,0.263,2.184,0.421,0.224,1.329,1.697,0.557,15.1,0.602,4.6,1.2,5.9,0.118
Joakim Noah,C,33,MEM,42,20261172,1.89,7.095,0.43,2.119,0.128,5.667,0.343,1.381,4.286,0.476,0.738,1.19,2.286,0.516,18.6,0.571,1,1.2,2.2,0.15
Joe Harris,SG,27,BRK,76,8333333,3.78,13.697,0.454,2.382,0.079,3.829,0.127,0.684,3.145,0.5,0.224,1.592,2.395,0.622,13.5,0.645,3.8,1.7,5.5,0.116
Joe Ingles,PF,31,UTA,82,12545455,5.940000000000001,12.122,0.387,5.72,0.183,4.024,0.129,0.427,3.598,1.195,0.244,2.354,2.195,0.565,13.4,0.581,2.5,3.6,6,0.113
Joel Embiid,C,24,PHI,64,25467250,10.26,27.516,0.818,3.656,0.109,13.609,0.404,2.5,11.109,0.719,1.906,3.531,3.297,0.517,26.1,0.593,4.9,3.8,8.7,0.194
John Collins,PF,21,ATL,61,2299080,3.5100000000000002,19.475,0.65,1.984,0.066,9.754,0.325,3.59,6.164,0.361,0.639,1.967,3.262,0.593,21.8,0.627,5,1,6,0.158
John Wall,PG,28,WAS,32,19169800,2.16,20.719,0.601,8.719,0.253,3.625,0.105,0.469,3.156,1.531,0.906,3.781,2.219,0.49,18,0.527,0.5,0.7,1.2,0.051
Jon Leuer,PF,29,DET,41,10002681,0,3.805,0.388,0.341,0.035,2.366,0.241,0.659,1.707,0.293,0.098,0.561,1.463,0.588,13.2,0.616,0.4,0.5,0.9,0.11
Jonah Bolden,PF,23,PHI,44,1690000,0.54,4.705,0.324,0.909,0.063,3.75,0.258,1.068,2.682,0.386,0.886,0.818,2.25,0.599,12.7,0.595,0.5,0.9,1.4,0.106
Jonas Jerebko,PF,31,GSW,73,2165481,1.08,6.288,0.377,1.315,0.079,3.945,0.236,0.986,2.959,0.37,0.247,0.589,1.877,0.556,13.5,0.588,2.1,1.2,3.3,0.13
Jonas Valanciunas,C,26,TOT,49,16539326,3.5100000000000002,15.571,0.699,1.429,0.064,8.551,0.384,2.163,6.388,0.388,1.082,1.837,2.98,0.572,24.4,0.616,2.2,1.9,4.2,0.183
Jonathan Isaac,PF,21,ORL,75,4969080,2.16,9.6,0.361,1.067,0.04,5.48,0.206,1.32,4.16,0.787,1.307,1,1.907,0.499,13,0.537,0.9,3.1,4,0.096
Jonathon Simmons,SG-SF,29,TOT,56,6000000,-1.62,6.536,0.344,2.286,0.12,2.25,0.118,0.482,1.768,0.518,0.268,1.214,1.589,0.42,8.5,0.466,-0.8,1.1,0.3,0.013
Jordan Bell,C,24,GSW,68,1378242,0.54,3.279,0.283,1.118,0.096,2.706,0.234,0.809,1.897,0.294,0.75,0.618,1.176,0.516,12.9,0.531,0.5,1.1,1.6,0.096
Jordan Clarkson,SG,26,CLE,81,12500000,2.16,16.84,0.616,2.42,0.089,3.333,0.122,1.012,2.321,0.704,0.16,1.667,1.383,0.509,16.8,0.539,1.9,-0.1,1.8,0.039
Jose Calderon,PG,37,DET,49,2393887,-0.81,2.306,0.179,2.347,0.182,1.224,0.095,0.224,1,0.327,0.061,0.714,1.306,0.433,7.1,0.453,0,0.5,0.6,0.043
Josh Hart,SG,23,LAL,67,1655160,0.81,7.836,0.306,1.388,0.054,3.701,0.145,0.522,3.179,0.955,0.597,0.866,2.194,0.506,9.3,0.526,0.2,1.9,2.1,0.059
Josh Jackson,SG,21,PHO,79,6041520,-3.5100000000000002,11.519,0.458,2.316,0.092,4.392,0.175,0.835,3.557,0.937,0.709,2.19,2.646,0.456,10.6,0.487,-2.8,1.1,-1.7,-0.04
Josh Okogie,SG,20,MIN,74,2163600,-1.35,7.703,0.324,1.23,0.052,2.946,0.124,0.554,2.392,1.189,0.446,0.851,2.243,0.445,9.4,0.492,-0.1,1.4,1.2,0.034
Josh Richardson,SG,25,MIA,73,9367200,4.050000000000001,16.562,0.476,4.082,0.117,3.603,0.104,0.74,2.863,1.082,0.466,1.548,2.74,0.492,14,0.536,3,2.6,5.6,0.106
Jrue Holiday,SG,28,NOP,67,26641111,8.370000000000001,21.194,0.591,7.731,0.216,4.985,0.139,1.119,3.866,1.627,0.806,3.134,2.209,0.523,19.4,0.555,3.5,1.9,5.4,0.108
Juan Hernangomez,PF,23,DEN,70,2166360,0.81,5.829,0.3,0.786,0.041,3.786,0.195,0.914,2.871,0.386,0.343,0.529,1.343,0.545,11,0.58,1.6,1.4,3,0.105
Julius Randle,PF,24,NOP,73,8641000,5.4,21.438,0.701,3.137,0.103,8.685,0.284,2.219,6.466,0.712,0.616,2.849,3.37,0.555,21,0.6,4.2,1.9,6.1,0.131
Justin Anderson,SF,25,ATL,48,2516047,-0.27,3.708,0.384,0.479,0.05,1.75,0.181,0.5,1.25,0.458,0.271,0.479,1,0.484,11.2,0.516,0.1,0.4,0.4,0.043
Justin Holiday,SG,29,TOT,82,4500000,0.27,10.451,0.329,1.78,0.056,3.939,0.124,0.561,3.378,1.476,0.439,1.268,2,0.49,10,0.52,-0.4,2.5,2.1,0.038
Justin Jackson,SF,23,TOT,81,2807880,0.54,7.198,0.361,1.185,0.059,2.617,0.131,0.543,2.074,0.395,0.173,0.358,1.222,0.537,11.3,0.561,2,0.9,2.9,0.086
Justise Winslow,SF,22,MIA,66,3448926,1.89,12.576,0.424,4.273,0.144,5.379,0.181,0.955,4.424,1.091,0.288,2.152,2.682,0.497,12.8,0.513,0.2,2.6,2.8,0.067
Jusuf Nurkic,C,24,POR,72,11111111,7.56,15.625,0.57,3.236,0.118,10.389,0.379,3.375,7.014,0.986,1.431,2.333,3.472,0.51,23.4,0.57,4.4,3.3,7.8,0.189
Karl-Anthony Towns,C,23,MIN,77,7839435,13.77,24.416,0.739,3.364,0.102,12.39,0.375,3.416,8.974,0.87,1.623,3.117,3.792,0.572,26.3,0.622,7.2,3.2,10.4,0.197
Kawhi Leonard,SF,27,TOR,60,23114066,12.690000000000001,26.6,0.782,3.317,0.098,7.317,0.215,1.3,6.017,1.767,0.4,2.017,1.45,0.546,25.8,0.606,6.1,3.4,9.5,0.224
Keita Bates-Diop,SF,23,MIN,30,838464,-0.54,5.033,0.3,0.567,0.034,2.767,0.165,0.533,2.233,0.6,0.467,0.467,0.967,0.468,9.6,0.489,0,0.4,0.3,0.032
Kelly Olynyk,PF,27,MIA,79,13537527,3.24,9.962,0.434,1.772,0.077,4.747,0.207,0.911,3.835,0.671,0.468,1.443,2.316,0.563,14.4,0.61,2.3,2.5,4.7,0.126
Kemba Walker,PG,28,CHO,82,12000000,11.880000000000003,25.634,0.734,5.902,0.169,4.402,0.126,0.634,3.768,1.244,0.415,2.573,1.598,0.511,21.7,0.558,5.5,1.9,7.4,0.123
Kenneth Faried,C,29,TOT,37,14242782,0.81,10.378,0.527,0.541,0.027,6.757,0.343,2.622,4.135,0.459,0.622,0.892,2.216,0.604,21.6,0.622,2.1,0.9,2.9,0.193
Kenrich Williams,SF,24,NOP,46,838464,0,6.065,0.259,1.804,0.077,4.761,0.203,1.196,3.565,0.978,0.413,0.783,2.065,0.477,9.7,0.485,0.3,0.9,1.2,0.053
Kent Bazemore,SG,29,ATL,67,18089888,-0.27,11.627,0.474,2.269,0.093,3.896,0.159,0.552,3.343,1.328,0.627,1.806,2.537,0.472,11.9,0.507,-0.7,1.4,0.7,0.021
Kentavious Caldwell-Pope,SG,25,LAL,82,12000000,2.16,11.439,0.461,1.341,0.054,2.902,0.117,0.585,2.317,0.89,0.159,0.793,1.671,0.53,12.9,0.568,2.3,1.8,4,0.095
Kevin Durant,SF,30,GSW,78,30000000,13.77,25.987,0.75,5.859,0.169,6.372,0.184,0.423,5.949,0.744,1.077,2.885,1.987,0.571,24.2,0.631,8.6,2.9,11.5,0.204
Kevin Huerter,SG,20,ATL,75,2250960,-0.54,9.693,0.355,2.853,0.104,3.267,0.12,0.8,2.467,0.867,0.333,1.453,2.067,0.522,10.1,0.533,0.7,0.7,1.5,0.034
Kevin Knox,PF,19,NYK,75,3744840,-5.4,12.84,0.446,1.093,0.038,4.467,0.155,0.813,3.653,0.573,0.32,1.52,2.333,0.438,8.7,0.475,-2.2,0.9,-1.3,-0.03
Kevon Looney,C,22,GSW,80,1567007,2.43,6.25,0.338,1.538,0.083,5.213,0.282,2.425,2.788,0.575,0.662,0.638,2.638,0.627,17.3,0.636,4.2,1.8,6,0.194
Khem Birch,C,26,ORL,50,1378242,1.35,4.8,0.373,0.76,0.059,3.8,0.295,1.58,2.22,0.36,0.58,0.4,1.44,0.603,19.2,0.64,1.8,1,2.8,0.212
Khris Middleton,SF,27,MIL,77,13000000,4.59,18.273,0.588,4.299,0.138,5.987,0.193,0.649,5.338,1.039,0.091,2.26,2.234,0.519,16.5,0.558,2.5,3.6,6.1,0.123
Klay Thompson,SG,28,GSW,78,18988725,3.24,21.538,0.633,2.385,0.07,3.833,0.113,0.474,3.359,1.077,0.603,1.474,2.013,0.553,16.6,0.571,2.9,2.3,5.3,0.095
Kosta Koufos,C,29,SAC,42,8739500,-0.54,3.714,0.311,0.857,0.072,4.214,0.353,1.238,2.976,0.357,0.429,0.643,1.619,0.477,12.3,0.477,0,0.7,0.7,0.063
Kris Dunn,PG,24,CHI,46,4221000,-0.54,11.283,0.374,6.022,0.199,4.065,0.135,0.413,3.652,1.478,0.457,2.261,3.609,0.458,12.4,0.484,-0.5,1.2,0.6,0.022
Kyle Anderson,SF,25,MEM,43,8641000,2.43,8.047,0.27,2.977,0.1,5.837,0.196,1.116,4.721,1.256,0.86,1.349,2.605,0.56,12.8,0.569,0.8,1.8,2.7,0.1
Kyle Korver,SG-PF,37,TOT,70,7560000,1.35,8.571,0.45,1.157,0.061,2.314,0.121,0.129,2.186,0.357,0.171,0.843,1.514,0.559,11.2,0.582,1,1.3,2.3,0.082
Kyle Kuzma,PF,23,LAL,70,1689840,1.08,18.686,0.565,2.543,0.077,5.457,0.165,0.857,4.6,0.586,0.371,1.9,2.429,0.515,14,0.546,1.2,1.9,3.1,0.065
Kyle Lowry,PG,32,TOR,65,32700000,6.48,14.246,0.418,8.677,0.255,4.8,0.141,0.631,4.169,1.4,0.477,2.8,2.554,0.518,16.5,0.562,3.6,3,6.6,0.144
Kyle O'Quinn,C,28,IND,45,4449000,0.54,3.467,0.42,1.244,0.151,2.644,0.321,0.644,2,0.2,0.556,0.689,1.511,0.511,16.8,0.537,0.2,0.8,1,0.125
Kyrie Irving,PG,26,BOS,67,20099189,13.77,23.821,0.721,6.925,0.21,5,0.151,1.06,3.94,1.537,0.507,2.567,2.493,0.557,24.3,0.592,6.2,2.9,9.1,0.197
LaMarcus Aldridge,C,33,SAS,81,22347015,7.0200000000000005,21.321,0.643,2.395,0.072,9.185,0.277,3.099,6.086,0.531,1.321,1.778,2.21,0.522,22.9,0.576,6.4,2.9,9.3,0.167
Lance Stephenson,SG,28,LAL,68,4449000,0.27,7.221,0.437,2.059,0.125,3.162,0.191,0.471,2.691,0.603,0.103,1.265,1.632,0.51,11.8,0.529,-0.1,1.2,1.1,0.049
Lance Thomas,PF,30,NYK,46,7119650,-1.89,4.457,0.262,0.587,0.034,2.543,0.149,0.457,2.087,0.37,0.152,0.522,1.804,0.452,6.4,0.482,-0.3,0.3,0.1,0.004
Landry Shamet,SG,21,TOT,79,1705920,0.54,9.139,0.401,1.481,0.065,1.696,0.074,0.266,1.43,0.468,0.127,0.57,1.962,0.581,11,0.604,2.7,0.9,3.6,0.095
Langston Galloway,SG,27,DET,80,7000000,0.54,8.4,0.385,1.062,0.049,2.138,0.098,0.612,1.525,0.462,0.1,0.3,1.688,0.503,10.7,0.534,2.1,1.3,3.4,0.094
Lauri Markkanen,PF,21,CHI,52,4536120,1.89,18.731,0.579,1.442,0.045,9.038,0.279,1.423,7.615,0.712,0.635,1.635,2.346,0.506,17.1,0.553,1.3,1.5,2.7,0.078
LeBron James,SF,34,LAL,55,35654150,13.230000000000002,27.364,0.777,8.255,0.234,8.455,0.24,1.036,7.418,1.309,0.6,3.582,1.709,0.56,25.6,0.588,4.7,2.6,7.2,0.179
Lonzo Ball,PG,21,LAL,47,7461960,1.62,9.894,0.327,5.426,0.179,5.34,0.176,1.149,4.191,1.468,0.404,2.191,2.426,0.488,11.7,0.487,-0.2,1.7,1.6,0.052
Luka Doncic,SG,19,DAL,72,6569040,9.18,21.194,0.658,5.958,0.185,7.819,0.243,1.194,6.625,1.069,0.347,3.431,1.903,0.497,19.6,0.545,2.1,2.8,4.9,0.101
Luke Kennard,SG,22,DET,63,3275280,0.81,9.73,0.427,1.81,0.079,2.905,0.127,0.19,2.714,0.413,0.159,0.905,1.46,0.54,11.9,0.56,1.3,1.3,2.5,0.085
Luke Kornet,PF,23,NYK,46,1619260,2.16,7,0.411,1.174,0.069,2.935,0.172,0.609,2.326,0.587,0.913,0.543,0.891,0.502,14.8,0.531,0.6,0.7,1.4,0.083
Malcolm Brogdon,SG,26,MIL,64,1544951,5.13,15.641,0.546,3.203,0.112,4.5,0.157,1.016,3.484,0.719,0.203,1.422,1.594,0.575,17.8,0.614,4.2,2.3,6.5,0.171
Malik Beasley,SG,22,DEN,81,1773840,2.7,11.321,0.488,1.198,0.052,2.469,0.106,0.432,2.037,0.679,0.123,0.679,1.432,0.584,14.2,0.599,2.9,1.6,4.5,0.115
Malik Monk,SG,20,CHO,73,3447480,-0.81,8.945,0.519,1.603,0.093,1.877,0.109,0.219,1.658,0.507,0.26,1.178,1.452,0.48,11.8,0.518,-0.4,0.7,0.3,0.012
Marc Gasol,C,34,TOT,79,24119025,8.370000000000001,13.557,0.44,4.418,0.143,7.937,0.257,1.013,6.924,1.063,1.089,1.962,2.747,0.505,16.7,0.546,2,4,6,0.118
Marcin Gortat,C,34,LAC,47,13565218,0.27,4.957,0.31,1.383,0.087,5.553,0.348,1.426,4.128,0.128,0.511,1.064,1.957,0.532,12.8,0.562,0.6,0.8,1.4,0.089
Marco Belinelli,SG,32,SAS,79,6153846,0.27,10.494,0.457,1.671,0.073,2.506,0.109,0.203,2.304,0.443,0.101,0.911,1.532,0.52,11.9,0.557,1.4,1.1,2.5,0.065
Marcus Morris,PF,29,BOS,75,5375000,1.62,13.947,0.5,1.453,0.052,6.107,0.219,1.013,5.093,0.573,0.333,1.227,2.413,0.533,14.2,0.568,2.1,2.5,4.5,0.104
Marcus Smart,SG,24,BOS,80,11160716,4.050000000000001,8.85,0.322,4.013,0.146,2.925,0.106,0.712,2.212,1.788,0.35,1.538,2.513,0.533,13.1,0.568,2.2,3.1,5.3,0.116
Mario Hezonja,SF,23,NYK,58,6500000,-1.35,8.81,0.424,1.517,0.073,4.121,0.198,0.483,3.638,0.983,0.138,1.517,1.897,0.457,10.8,0.497,-1.1,1.1,-0.1,-0.003
Markieff Morris,PF,29,TOT,58,9173294,-0.54,9.431,0.431,1.362,0.062,4.569,0.209,1.052,3.517,0.621,0.379,0.931,3.017,0.492,11.7,0.521,0.6,1.1,1.6,0.061
Marquese Chriss,PF,21,TOT,43,3206160,-1.89,4.233,0.365,0.512,0.044,3.302,0.285,0.93,2.372,0.395,0.256,0.837,1.884,0.417,9.2,0.455,-0.6,0.4,-0.2,-0.023
MarShon Brooks,SG,30,MEM,29,1656092,-0.27,6.552,0.491,0.862,0.065,1.552,0.116,0.414,1.138,0.31,0.138,0.724,1.138,0.494,11.6,0.518,-0.2,0.3,0.1,0.018
Marvin Williams,PF,32,CHO,75,14087500,2.43,10.08,0.354,1.227,0.043,5.427,0.191,1.013,4.413,0.947,0.813,0.627,2.08,0.529,12.6,0.548,1.9,1.9,3.8,0.086
Mason Plumlee,C,28,DEN,82,12917808,4.86,7.768,0.368,2.963,0.14,6.39,0.303,2.012,4.378,0.805,0.927,1.537,3.073,0.595,17.8,0.602,2.9,2.9,5.8,0.16
Matthew Dellavedova,PG,28,TOT,48,9607500,-1.35,5.875,0.347,3.771,0.223,1.604,0.095,0.125,1.479,0.292,0.042,1.417,1.562,0.496,11.1,0.532,0.5,0,0.5,0.028
Maxi Kleber,PF,27,DAL,71,1378242,2.43,6.831,0.323,0.986,0.047,4.634,0.219,1.268,3.366,0.507,1.099,0.761,2.014,0.553,13.1,0.579,1.6,1.8,3.5,0.111
Meyers Leonard,C,26,POR,61,10595506,2.16,5.852,0.407,1.23,0.085,3.82,0.265,0.803,3.016,0.213,0.148,0.705,1.721,0.649,15.8,0.675,2.1,0.9,3,0.164
Michael Kidd-Gilchrist,PF,25,CHO,64,13000000,-0.27,6.672,0.362,0.953,0.052,3.844,0.209,1.375,2.469,0.5,0.609,0.672,2.438,0.5,13.3,0.553,1.5,1,2.5,0.1
Mikal Bridges,SF,22,PHO,82,3557400,0.81,8.341,0.283,2.11,0.072,3.22,0.109,0.683,2.537,1.573,0.463,0.854,2.451,0.523,10.8,0.556,1.7,1.2,2.9,0.058
Mike Conley,PG,31,MEM,70,30521115,10.530000000000001,21.114,0.631,6.414,0.192,3.414,0.102,0.571,2.843,1.343,0.314,1.857,1.757,0.507,21.4,0.569,5.7,2.3,8,0.164
Mike Muscala,PF,27,TOT,64,5000000,0.81,7.016,0.344,1.188,0.058,3.812,0.187,0.891,2.922,0.344,0.594,0.75,2.031,0.525,10.8,0.564,1.2,1.2,2.5,0.091
Mike Scott,PF,30,TOT,79,4320500,-0.54,5.81,0.329,0.835,0.047,3.494,0.198,0.544,2.949,0.329,0.165,0.557,1.975,0.52,8.6,0.528,0.4,1.2,1.6,0.053
Miles Bridges,SF,20,CHO,80,3206640,1.35,7.463,0.352,1.188,0.056,4.037,0.19,0.838,3.2,0.688,0.612,0.625,1.387,0.527,13.1,0.548,1.4,1.5,2.9,0.083
Mitchell Robinson,C,20,NYK,66,1485440,4.32,7.348,0.357,0.561,0.027,6.409,0.311,2.682,3.727,0.788,2.439,0.53,3.288,0.694,22,0.692,4,2.2,6.1,0.217
Mo Bamba,C,20,ORL,47,4871280,0.27,6.213,0.381,0.83,0.051,4.957,0.304,1.362,3.596,0.277,1.362,0.915,2.17,0.525,14.9,0.539,0.3,1.4,1.7,0.106
Monte Morris,PG,23,DEN,82,1349383,4.59,10.378,0.432,3.622,0.151,2.366,0.098,0.427,1.939,0.89,0.049,0.634,1.244,0.56,16.2,0.577,4.4,1.8,6.2,0.151
Montrezl Harrell,C,25,LAC,82,6000000,7.83,16.598,0.631,1.976,0.075,6.524,0.248,2.244,4.28,0.866,1.341,1.61,3.11,0.617,23.4,0.636,6.1,2.6,8.7,0.193
Moritz Wagner,C,21,LAL,43,1764240,-0.81,4.814,0.464,0.558,0.054,1.977,0.191,0.395,1.581,0.256,0.302,0.907,1.326,0.48,10.1,0.533,-0.3,0.5,0.2,0.02
Myles Turner,C,22,IND,74,3294994,6.48,13.297,0.464,1.554,0.054,7.176,0.251,1.365,5.811,0.811,2.689,1.351,2.635,0.536,18,0.567,1.9,4.4,6.3,0.144
Nemanja Bjelica,PF,30,SAC,77,6500000,3.5100000000000002,9.623,0.414,1.909,0.082,5.766,0.248,1.623,4.143,0.701,0.727,1.065,2.558,0.566,15.4,0.585,2.7,1.9,4.5,0.122
Nerlens Noel,C,24,OKC,77,1757429,2.9700000000000006,4.909,0.358,0.584,0.043,4.221,0.308,1.649,2.571,0.857,1.247,0.623,2.156,0.587,19.3,0.608,1.9,2.5,4.3,0.198
Nicolas Batum,SF,30,CHO,75,24000000,2.7,9.32,0.297,3.293,0.105,5.2,0.166,0.947,4.253,0.947,0.573,1.56,1.867,0.553,11.9,0.581,2,1.7,3.7,0.076
Nik Stauskas,SG,25,TOT,68,2161886,0,5.868,0.393,1.191,0.08,1.868,0.125,0.265,1.603,0.309,0.103,0.75,0.735,0.506,10.9,0.545,0.6,0.5,1.1,0.052
Nikola Jokic,C,23,DEN,80,25467250,18.900000000000002,20.05,0.641,7.25,0.232,10.812,0.345,2.85,7.963,1.35,0.688,3.1,2.85,0.545,26.3,0.589,7.5,4.3,11.8,0.226
Nikola Mirotic,PF,27,TOT,46,12500000,2.9700000000000006,15.152,0.56,1.196,0.044,7.37,0.272,1.304,6.065,0.674,0.739,1.043,2.326,0.546,17.2,0.584,2,1.4,3.5,0.133
Nikola Vucevic,C,28,ORL,80,12750000,14.850000000000001,20.812,0.663,3.837,0.122,12,0.382,2.8,9.2,1.012,1.113,1.988,1.962,0.549,25.5,0.573,5.4,4.7,10.1,0.193
Noah Vonleh,PF,23,NYK,68,1621415,1.62,8.397,0.332,1.897,0.075,7.765,0.307,1.662,6.103,0.676,0.75,1.294,2.559,0.523,13.9,0.561,1.5,1.7,3.2,0.09
Norman Powell,SG,25,TOR,60,9367200,1.08,8.6,0.458,1.517,0.081,2.317,0.123,0.267,2.05,0.65,0.217,1.083,1.6,0.568,13.3,0.596,1,1.4,2.4,0.102
OG Anunoby,SF,21,TOR,67,1952760,-0.27,7,0.347,0.701,0.035,2.94,0.146,0.866,2.075,0.687,0.328,0.821,2.09,0.536,9.8,0.544,0.3,1.7,2,0.07
Omari Spellman,PF,21,ATL,46,1622520,0.54,5.913,0.338,1.022,0.058,4.217,0.241,1.565,2.652,0.565,0.543,0.674,1.457,0.492,12.4,0.516,0.6,0.5,1.2,0.07
Omri Casspi,SF,30,MEM,36,2176260,0.81,6.278,0.435,0.722,0.05,3.194,0.221,0.472,2.722,0.556,0.25,0.639,0.972,0.581,15.7,0.606,0.6,0.7,1.3,0.119
Otto Porter,SF,25,TOT,56,26011913,3.24,13.929,0.463,2.143,0.071,5.607,0.187,0.964,4.643,1.464,0.554,1.161,1.929,0.546,15.9,0.569,1.8,1.5,3.2,0.093
Pascal Siakam,PF,24,TOR,80,1544951,7.56,16.925,0.531,3.1,0.097,6.862,0.215,1.55,5.312,0.912,0.65,1.925,3.013,0.591,18.7,0.628,5.7,3.6,9.3,0.175
Pat Connaughton,SG,26,MIL,61,1641000,2.7,6.902,0.334,2,0.097,4.23,0.205,1,3.23,0.541,0.41,0.541,1.328,0.56,13.6,0.573,2,1.9,3.9,0.149
Patrick Beverley,PG,30,LAC,78,5027028,4.050000000000001,7.641,0.279,3.846,0.14,4.974,0.182,0.974,4,0.859,0.551,1.09,3.397,0.524,11.8,0.561,2.8,2,4.8,0.108
Patrick McCaw,SG,23,TOT,29,964104,-0.27,2.552,0.186,1,0.073,1.655,0.121,0.241,1.414,0.793,0.069,0.586,1.31,0.484,7.5,0.532,0,0.5,0.5,0.065
Patrick Patterson,PF,29,OKC,63,5451600,-0.27,3.635,0.266,0.492,0.036,2.333,0.171,0.667,1.667,0.254,0.206,0.349,0.73,0.479,8.1,0.493,0.2,0.9,1.1,0.064
Pau Gasol,C,38,TOT,30,17133285,1.35,3.933,0.328,1.733,0.144,4.567,0.381,0.733,3.833,0.167,0.5,0.533,0.967,0.479,16.7,0.529,0.5,0.5,1.1,0.142
Paul George,SF,28,OKC,77,30560700,17.82,28.039,0.76,4.13,0.112,8.156,0.221,1.364,6.792,2.208,0.442,2.662,2.779,0.529,23.3,0.583,7,4.9,11.9,0.201
Paul Millsap,PF,33,DEN,70,29230769,4.86,12.614,0.466,2.014,0.074,7.214,0.266,2.186,5.029,1.186,0.771,1.357,2.614,0.528,17.9,0.57,3.2,2.9,6.1,0.155
PJ Tucker,PF,33,HOU,82,7959537,2.7,7.329,0.214,1.171,0.034,5.841,0.171,1.476,4.366,1.61,0.476,0.768,3.073,0.535,9.2,0.547,2,3,5,0.086
Quincy Pondexter,SF,30,SAS,53,2165481,0.27,1.849,0.336,0.453,0.082,0.868,0.158,0.151,0.717,0.208,0.019,0.245,0.453,0.552,13.2,0.641,0.5,0.3,0.8,0.128
Quinn Cook,PG,25,GSW,74,1544951,0,6.878,0.481,1.568,0.11,2.122,0.148,0.297,1.824,0.27,0.041,0.676,1.243,0.557,13.1,0.565,1,0.8,1.8,0.082
Rajon Rondo,PG,32,LAL,46,9000000,0.54,9.217,0.31,7.978,0.268,5.283,0.178,0.739,4.543,1.239,0.152,2.761,2.174,0.464,12.1,0.473,-0.2,1.5,1.3,0.047
Raul Neto,PG,26,UTA,37,2100000,0.54,5.297,0.414,2.514,0.196,1.676,0.131,0.162,1.514,0.378,0.108,0.946,1.324,0.522,13.5,0.558,0.5,0.6,1.1,0.116
Raymond Felton,PG,34,OKC,33,2393887,0.27,4.303,0.375,1.576,0.137,1.03,0.09,0.121,0.909,0.303,0.182,0.424,0.879,0.481,11.2,0.505,0.3,0.4,0.7,0.087
Reggie Bullock,SG,27,TOT,63,2500000,1.08,11.286,0.378,2.048,0.069,2.746,0.092,0.349,2.397,0.635,0.19,1.032,1.73,0.537,10.5,0.563,1.6,1.4,3.1,0.078
Reggie Jackson,PG,28,DET,82,17043478,3.78,15.366,0.55,4.195,0.15,2.634,0.094,0.549,2.085,0.671,0.11,1.805,2.537,0.504,15.2,0.547,3.1,1.9,5,0.105
Richaun Holmes,C,25,PHO,70,1600520,2.16,8.171,0.483,0.857,0.051,4.729,0.28,1.643,3.086,0.6,1.129,0.743,2.771,0.608,20.7,0.647,3.1,1.1,4.3,0.173
Ricky Rubio,PG,28,UTA,68,14800000,2.43,12.706,0.455,6.118,0.219,3.574,0.128,0.485,3.088,1.338,0.147,2.647,2.647,0.458,14,0.52,0.9,2.8,3.7,0.095
Robert Covington,SF,28,TOT,35,10464092,2.9700000000000006,13.286,0.387,1.314,0.038,5.514,0.16,0.8,4.714,2.114,1.343,1.343,3.6,0.548,13.3,0.58,0.9,1.6,2.5,0.1
Robert Williams,C,21,BOS,32,1656600,0.81,2.531,0.286,0.219,0.025,2.531,0.286,0.844,1.688,0.281,1.25,0.312,1.125,0.706,18.8,0.703,0.5,0.6,1.2,0.201
Robin Lopez,C,30,CHI,74,14357750,0,9.514,0.438,1.203,0.055,3.865,0.178,1.892,1.973,0.149,1.054,1.297,1.676,0.575,15.9,0.598,2,0.7,2.7,0.081
Rodions Kurucs,SF,20,BRK,63,1690000,-0.54,8.476,0.413,0.825,0.04,3.905,0.19,0.889,3.016,0.651,0.397,1.222,2.317,0.514,11,0.545,0.1,1.5,1.6,0.059
Rodney Hood,SG,26,TOT,72,3472887,0,11.181,0.425,1.75,0.067,2.181,0.083,0.347,1.833,0.819,0.167,0.764,2.028,0.498,12.3,0.545,2.1,0.5,2.6,0.065
Rodney McGruder,SG,27,MIA,66,1544951,-0.27,7.621,0.325,1.697,0.072,3.606,0.154,0.909,2.697,0.545,0.182,0.97,1.742,0.489,9.4,0.51,0.4,1.6,1.9,0.059
Rondae Hollis-Jefferson,SF,24,BRK,59,2470356,-0.54,8.932,0.427,1.627,0.078,5.254,0.251,1.407,3.847,0.746,0.458,1.153,1.814,0.42,12.5,0.464,-0.5,1.7,1.2,0.047
Royce O'Neale,SF,25,UTA,82,1378242,1.62,5.195,0.255,1.512,0.074,3.476,0.171,0.268,3.207,0.659,0.293,0.854,2.098,0.574,9,0.589,0.7,2.5,3.3,0.094
Rudy Gay,PF,32,SAS,69,10087200,4.32,13.71,0.514,2.638,0.099,6.812,0.255,0.913,5.899,0.783,0.493,1.652,2.304,0.554,17.5,0.583,2.2,2.2,4.4,0.115
Rudy Gobert,C,26,UTA,81,23491573,12.96,15.852,0.498,1.988,0.062,12.852,0.404,3.815,9.037,0.815,2.309,1.605,2.852,0.669,24.6,0.682,8.7,5.7,14.4,0.268
Russell Westbrook,PG,30,OKC,73,35665000,12.690000000000001,22.945,0.637,10.74,0.298,11.055,0.307,1.493,9.562,1.945,0.452,4.452,3.356,0.468,21.1,0.501,1.8,5,6.8,0.124
Ryan Arcidiacono,PG,24,CHI,81,1349383,0.27,6.716,0.277,3.321,0.137,2.704,0.112,0.333,2.37,0.802,0.049,0.778,2.111,0.544,11.6,0.588,2.8,0.9,3.7,0.09
Ryan Broekhoff,SG,28,DAL,42,838464,0.27,3.976,0.369,0.524,0.049,1.5,0.139,0.19,1.31,0.143,0.095,0.381,0.833,0.603,10.7,0.621,0.5,0.3,0.8,0.086
Salah Mejri,C,32,DAL,36,2098196,0.81,3.917,0.353,0.972,0.088,3.639,0.328,1,2.639,0.278,0.722,0.583,1.528,0.54,16.1,0.559,0.5,0.6,1.1,0.136
Sam Dekker,PF,24,TOT,47,2760094,0.27,6.106,0.364,0.979,0.058,3.149,0.188,1.128,2.021,0.809,0.149,0.511,1,0.506,13.3,0.519,0.6,0.5,1,0.064
Semi Ojeleye,PF,24,BOS,56,1378242,-0.81,3.321,0.313,0.411,0.039,1.536,0.145,0.429,1.107,0.179,0.071,0.339,0.768,0.513,8.5,0.531,0.2,0.5,0.7,0.057
Serge Ibaka,C,29,TOR,74,21666667,3.24,15.027,0.553,1.338,0.049,8.122,0.299,2.108,6.014,0.392,1.392,1.541,2.851,0.557,18.7,0.582,2.8,3.3,6.1,0.146
Seth Curry,SG,28,POR,74,2795000,0.81,7.851,0.415,0.892,0.047,1.622,0.086,0.365,1.257,0.486,0.162,0.824,1.311,0.577,11.4,0.595,1.5,0.9,2.4,0.082
Shabazz Napier,PG,27,BRK,56,1942422,2.43,9.446,0.538,2.554,0.145,1.786,0.102,0.321,1.464,0.732,0.286,1.179,1.196,0.476,15.3,0.534,1,1,2,0.098
Shai Gilgeous-Alexander,PG,20,LAC,82,3375360,2.16,10.841,0.409,3.293,0.124,2.829,0.107,0.695,2.134,1.171,0.549,1.72,2.134,0.512,13.4,0.554,1.5,1.9,3.3,0.074
Shaquille Harrison,PG,25,CHI,73,1325531,0.54,6.493,0.331,1.904,0.097,3.041,0.155,0.452,2.589,1.219,0.411,0.822,1.699,0.46,12.4,0.494,-0.1,1.6,1.4,0.048
Shaun Livingston,PG,33,GSW,64,8307692,0.54,4.031,0.267,1.781,0.118,1.828,0.121,0.656,1.172,0.484,0.422,0.594,1.156,0.519,11.7,0.555,1.2,0.9,2,0.101
Shelvin Mack,PG,28,TOT,57,2512601,-0.81,7.544,0.345,3.211,0.147,1.825,0.083,0.316,1.509,0.825,0.07,1.158,1.474,0.462,10.4,0.489,-0.2,1.1,0.9,0.034
Sindarius Thornwell,SG,24,LAC,64,1378242,-0.54,0.969,0.198,0.281,0.058,0.688,0.141,0.078,0.609,0.219,0.109,0.312,0.641,0.378,5.2,0.485,-0.3,0.3,0,0.004
Solomon Hill,SF,27,NOP,44,12763467,-0.81,4.341,0.218,1.25,0.063,3.023,0.151,0.773,2.25,0.523,0.227,0.705,1.818,0.472,6.8,0.497,0.1,0.4,0.5,0.029
Spencer Dinwiddie,PG,25,BRK,68,1656092,3.5100000000000002,16.809,0.597,4.574,0.162,2.441,0.087,0.382,2.059,0.588,0.25,2.235,2.75,0.517,16.3,0.58,3.5,1.4,4.8,0.121
Stanley Johnson,SF,22,TOT,66,3940401,0,6.879,0.376,1.333,0.073,3.288,0.18,0.515,2.773,0.909,0.212,1.227,1.727,0.459,9.6,0.485,-1.1,1.6,0.5,0.021
Stephen Curry,PG,30,GSW,69,37457154,13.77,27.261,0.807,5.232,0.155,5.348,0.158,0.652,4.696,1.333,0.362,2.783,2.406,0.604,24.4,0.641,7.2,2.5,9.7,0.199
Sterling Brown,SG,23,MIL,58,1378242,0.27,6.414,0.36,1.448,0.081,3.172,0.178,0.5,2.672,0.431,0.138,0.793,1.517,0.55,10.9,0.563,0.7,1.4,2.1,0.098
Steven Adams,C,25,OKC,80,24157304,5.670000000000001,13.85,0.415,1.55,0.046,9.5,0.285,4.888,4.612,1.462,0.95,1.688,2.55,0.595,18.5,0.591,5.1,4,9.1,0.163
Sviatoslav Mykhailiuk,SF,21,TOT,42,1487694,-0.81,3.167,0.302,0.881,0.084,0.857,0.082,0.214,0.643,0.333,0.024,0.5,0.595,0.432,6,0.447,-0.4,0.3,-0.1,-0.012
Taj Gibson,PF,33,MIN,70,14000000,2.16,10.757,0.447,1.2,0.05,6.543,0.272,2.457,4.086,0.757,0.557,1.043,2.657,0.576,17.8,0.612,3.7,1.4,5.1,0.144
Terrance Ferguson,SG,20,OKC,74,2118840,-2.43,6.932,0.266,0.973,0.037,1.905,0.073,0.446,1.459,0.541,0.216,0.635,3.122,0.552,6.4,0.566,1.2,1.6,2.8,0.07
Terrence Ross,SG,27,ORL,81,10500000,4.050000000000001,15.099,0.569,1.667,0.063,3.457,0.13,0.333,3.123,0.889,0.358,1.111,1.469,0.534,15.4,0.561,1.7,2.6,4.3,0.095
Terry Rozier,PG,24,BOS,79,3050389,2.16,8.962,0.395,2.924,0.129,3.886,0.171,0.405,3.481,0.861,0.266,0.861,1.278,0.477,12.9,0.501,0.9,2.3,3.2,0.086
Thabo Sefolosha,SF,34,UTA,50,5250000,1.35,3.8,0.312,0.54,0.044,2.46,0.202,0.16,2.3,0.86,0.1,0.5,0.82,0.591,12.1,0.599,0.2,1.2,1.5,0.115
Thaddeus Young,PF,30,IND,81,13764045,5.940000000000001,12.642,0.411,2.519,0.082,6.457,0.21,2.37,4.086,1.519,0.444,1.519,2.395,0.557,16.2,0.569,3,3.9,6.9,0.133
Thomas Bryant,C,21,WAS,72,1378242,4.050000000000001,10.528,0.507,1.278,0.061,6.306,0.303,1.569,4.736,0.347,0.931,0.833,1.75,0.648,21,0.674,4.3,1.3,5.6,0.178
Thon Maker,C-PF,21,TOT,64,2799720,0.54,5.047,0.332,0.703,0.046,3.156,0.208,0.641,2.516,0.328,0.797,0.516,1.641,0.498,11.3,0.53,0.5,1.5,2,0.099
Tim Frazier,PG,28,TOT,59,1832107,0.27,5.254,0.277,4.203,0.221,2.847,0.15,0.695,2.153,0.508,0.085,1.288,1.898,0.515,11.7,0.544,1.3,0.7,2,0.084
TJ Leaf,PF,21,IND,58,2407560,0.54,3.879,0.431,0.414,0.046,2.155,0.239,0.741,1.414,0.155,0.328,0.207,0.603,0.563,16.9,0.572,0.9,0.7,1.6,0.148
TJ McConnell,PG,26,PHI,76,1600520,1.08,6.355,0.329,3.395,0.176,2.289,0.118,0.368,1.921,1.039,0.224,1.197,1.382,0.542,13.4,0.555,1.2,1.7,2.9,0.094
TJ Warren,SF,25,PHO,43,11750000,1.62,17.953,0.568,1.488,0.047,4.047,0.128,0.721,3.326,1.186,0.674,1.209,2.767,0.549,16.3,0.58,1.6,0.5,2.1,0.074
Tobias Harris,PF,26,TOT,82,14800000,7.0200000000000005,20.049,0.577,2.793,0.08,7.866,0.227,0.841,7.024,0.622,0.451,1.841,2.244,0.549,17.2,0.592,4.5,2.6,7.1,0.12
Tomas Satoransky,PG,27,WAS,80,3129187,1.89,8.863,0.328,4.987,0.184,3.487,0.129,1.025,2.462,1.025,0.162,1.5,2.15,0.545,14.1,0.59,3.8,0.9,4.7,0.104
Tony Parker,PG,36,CHO,56,5000000,-0.27,9.464,0.528,3.696,0.206,1.482,0.083,0.25,1.232,0.375,0.125,1.339,0.946,0.474,15.3,0.512,0.6,0.3,0.9,0.044
Tony Snell,SF,27,MIL,74,10607143,1.08,6,0.34,0.919,0.052,2.122,0.12,0.392,1.73,0.351,0.243,0.311,1.216,0.564,10.7,0.585,1.6,1.6,3.2,0.117
Torrey Craig,SF,28,DEN,75,2000000,0,5.733,0.286,0.96,0.048,3.507,0.175,1.187,2.32,0.493,0.613,0.587,2.333,0.526,10.4,0.547,1.4,1.7,3,0.096
Trae Young,PG,20,ATL,81,5363280,2.43,19.123,0.619,8.062,0.261,3.716,0.12,0.79,2.926,0.889,0.185,3.802,1.728,0.48,17,0.539,2.5,0.7,3.3,0.062
Treveon Graham,SG,25,BRK,35,1512601,-0.81,5.257,0.257,0.971,0.048,3.057,0.15,0.657,2.4,0.371,0.2,0.486,1.943,0.435,6.1,0.458,-0.1,0.6,0.5,0.033
Trevor Ariza,SF,33,TOT,69,15000000,1.08,12.507,0.367,3.652,0.107,5.377,0.158,0.725,4.652,1.319,0.304,1.536,1.884,0.498,12,0.534,1.3,1.2,2.5,0.052
Trey Burke,PG,26,TOT,58,1795015,1.62,10.879,0.561,2.741,0.141,1.707,0.088,0.483,1.224,0.569,0.121,0.845,1,0.482,16.5,0.524,1.4,0.5,1.9,0.081
Trey Lyles,PF,23,DEN,64,3364249,-0.27,8.531,0.488,1.359,0.078,3.844,0.22,0.688,3.156,0.469,0.359,1.062,1.453,0.47,12.7,0.5,-0.2,1.4,1.2,0.05
Tristan Thompson,C,27,CLE,43,17469565,1.08,10.93,0.392,2,0.072,10.186,0.366,4.023,6.163,0.651,0.372,1.372,2.07,0.529,18.4,0.551,2.1,0.5,2.6,0.105
Troy Daniels,SG,27,PHO,51,3258539,-0.81,6.235,0.418,0.51,0.034,1.431,0.096,0.255,1.176,0.51,0.098,0.529,1.549,0.545,9.8,0.558,0.2,0.1,0.3,0.02
Tyler Dorsey,SG,22,TOT,48,1378242,-0.81,6.167,0.424,1.167,0.08,2.354,0.162,0.562,1.792,0.292,0.042,0.562,1.104,0.489,11.2,0.509,0.2,0.4,0.6,0.043
Tyler Johnson,PG,26,TOT,57,19245370,1.62,10.86,0.405,2.912,0.109,3.035,0.113,0.596,2.439,0.947,0.474,1.351,1.702,0.498,12.4,0.532,0.9,1.4,2.3,0.071
Tyreke Evans,SG,29,IND,69,12400000,-0.54,10.232,0.504,2.406,0.118,2.913,0.143,0.478,2.435,0.841,0.261,1.71,1.696,0.448,11.5,0.483,-1.7,2,0.3,0.01
Tyrone Wallace,PG,24,LAC,62,1349383,-1.89,3.516,0.347,0.677,0.067,1.629,0.161,0.323,1.306,0.339,0.113,0.581,1.339,0.433,7,0.45,-0.8,0.5,-0.3,-0.023
Tyson Chandler,C,36,TOT,55,13585000,0,3.145,0.198,0.673,0.042,5.582,0.351,1.673,3.909,0.382,0.418,0.764,2,0.616,11.2,0.63,0.9,1.2,2.1,0.114
Tyus Jones,PG,22,MIN,68,2444052,1.62,6.882,0.3,4.809,0.21,1.971,0.086,0.338,1.632,1.191,0.074,0.691,1.147,0.46,13.7,0.491,2.1,0.9,3,0.091
Victor Oladipo,SG,26,IND,36,21000000,3.78,18.75,0.588,5.167,0.162,5.611,0.176,0.583,5.028,1.667,0.306,2.278,2,0.486,17.6,0.519,0.4,1.9,2.3,0.097
Vince Carter,PF,42,ATL,76,2393887,1.35,7.395,0.423,1.145,0.065,2.553,0.146,0.408,2.145,0.579,0.355,0.632,1.855,0.55,11.8,0.565,1.2,0.7,1.9,0.07
Wayne Ellington,SG,31,TOT,53,8653076,1.89,10.283,0.42,1.358,0.056,2.019,0.082,0.264,1.755,1.019,0.113,0.755,1.736,0.554,11.8,0.569,1.3,1.4,2.6,0.097
Wayne Selden,SG,24,TOT,75,1544951,-3.24,6.853,0.357,1.453,0.076,2.4,0.125,0.493,1.907,0.44,0.173,1.053,1.747,0.463,8.3,0.491,-1,0.8,-0.3,-0.009
Wesley Iwundu,SF,24,ORL,68,1378242,-1.08,4.985,0.275,1.074,0.059,2.706,0.149,0.544,2.162,0.412,0.324,0.647,1.809,0.465,8.7,0.531,0.5,1.4,1.9,0.073
Wesley Johnson,SF,31,TOT,38,6134000,-1.08,3.368,0.24,0.605,0.043,1.895,0.135,0.316,1.579,0.368,0.316,0.474,1.658,0.449,5.5,0.469,-0.3,0.3,0,0.001
Wesley Matthews,SF-SG,32,TOT,69,19360228,0.27,12.174,0.402,2.319,0.077,2.464,0.081,0.464,2,0.783,0.246,1.319,2.319,0.507,10.3,0.546,1.1,1.5,2.7,0.062
Will Barton,SG,28,DEN,43,11830358,0,11.488,0.415,2.884,0.104,4.628,0.167,0.744,3.884,0.419,0.512,1.512,1.907,0.475,11,0.501,0.1,1.1,1.2,0.049
Willie Cauley-Stein,C,25,SAC,81,4696874,4.86,11.914,0.436,2.395,0.088,8.37,0.306,2.235,6.136,1.185,0.63,1.037,2.802,0.557,18,0.566,3.8,2.9,6.7,0.146
Willy Hernangomez,C,24,CHO,58,1496500,1.08,7.259,0.518,1.034,0.074,5.362,0.383,2.017,3.345,0.276,0.345,1,1.69,0.544,20.4,0.587,1.8,0.8,2.6,0.153
Wilson Chandler,PF-SF,31,TOT,51,12800562,-0.54,5.98,0.259,1.608,0.07,4.216,0.183,0.941,3.275,0.49,0.412,0.902,2.412,0.526,8.5,0.537,0.5,1,1.5,0.062
Yogi Ferrell,PG,25,SAC,71,3000000,0.54,5.915,0.394,1.93,0.128,1.535,0.102,0.183,1.352,0.507,0.056,0.563,0.901,0.511,12.7,0.55,1.3,0.6,1.9,0.087
Zach Collins,C,21,POR,77,3628920,0.81,6.649,0.378,0.922,0.052,4.208,0.239,1.416,2.792,0.325,0.857,1,2.26,0.523,13.5,0.562,1.4,1.5,2.9,0.104
Zach LaVine,SG,23,CHI,63,19500000,4.050000000000001,23.683,0.687,4.492,0.13,4.667,0.135,0.635,4.032,0.952,0.413,3.413,2.222,0.52,18.7,0.574,1.7,1.1,2.8,0.062
Zaza Pachulia,C,34,DET,68,2393887,0.54,3.926,0.304,1.338,0.104,3.897,0.302,1.456,2.441,0.456,0.25,0.838,2.221,0.44,13.7,0.539,1.1,1.3,2.3,0.128
